transfer_id,from_account,to_account,monto,timestamp
1,65,122,212.92,2026-02-11 08:58:49
2,10,6,202.12,2026-02-02 19:42:42
3,112,118,282.09,2026-01-24 13:03:55
4,51,1,218.43,2026-02-01 15:45:33
5,33,75,44.28,2026-02-19 20:23:54
6,9,66,234.64,2026-01-31 09:14:05
7,72,5,101.92,2026-02-03 15:03:24
8,51,15,352.67,2026-01-21 09:29:38
9,68,13,53.15,2026-01-24 18:23:51
10,23,57,139.54,2026-02-11 12:50:39
11,71,61,81.94,2026-01-27 06:31:12
12,94,45,157.31,2026-02-05 13:18:17
13,94,3,155.59,2026-01-30 08:45:33
14,65,111,232.08,2026-02-08 06:27:46
15,82,19,237.39,2026-02-17 07:01:00
16,4,18,216.57,2026-01-30 09:40:37
17,34,86,63.39,2026-02-14 20:05:26
18,71,117,295.1,2026-02-08 21:07:49
19,123,46,146.78,2026-02-19 06:28:52
20,108,103,213.78,2026-01-21 19:48:02
21,45,65,365.03,2026-02-04 14:14:48
22,121,70,393.11,2026-02-03 13:10:12
23,120,105,162.56,2026-02-16 17:28:08
24,107,5,353.54,2026-02-15 14:50:30
25,23,100,226.91,2026-02-02 18:11:38
26,66,98,257.26,2026-02-13 18:34:47
27,29,33,136.21,2026-02-04 21:50:10
28,108,8,310.66,2026-02-03 07:51:06
29,2,64,164.26,2026-02-04 20:37:31
30,51,54,251.08,2026-02-09 06:09:39
31,46,75,58.45,2026-02-16 11:08:05
32,4,14,41.84,2026-02-11 17:22:11
33,18,115,275.29,2026-02-18 11:14:32
34,56,14,139.05,2026-02-18 15:11:29
35,111,45,65.98,2026-02-07 15:59:54
36,96,78,251.6,2026-02-03 14:02:20
37,48,23,178.04,2026-02-05 20:52:59
38,2,108,80.76,2026-02-02 20:06:55
39,113,54,224.59,2026-02-13 18:41:46
40,39,8,153.11,2026-01-26 14:38:03
41,30,31,304.39,2026-02-12 21:41:29
42,86,82,254.9,2026-02-19 13:41:29
43,83,16,34.29,2026-01-24 09:38:39
44,91,39,251.39,2026-02-02 10:25:49
45,34,88,354.16,2026-01-25 21:43:00
46,51,10,18.17,2026-02-05 17:16:30
47,8,36,249.86,2026-02-03 14:40:24
48,61,108,258.15,2026-01-25 20:07:41
49,36,121,383.65,2026-02-14 09:10:15
50,90,107,19.43,2026-02-19 11:44:05
51,60,108,27.39,2026-02-11 17:06:34
52,89,82,363.51,2026-02-14 10:03:49
53,98,40,53.66,2026-02-16 15:34:50
54,101,11,207.03,2026-02-05 06:44:54
55,59,20,357.2,2026-02-19 19:04:34
56,34,20,98.6,2026-01-28 12:22:02
57,124,59,53.29,2026-02-13 19:37:13
58,113,121,123.97,2026-02-08 08:41:18
59,121,36,47.65,2026-02-19 14:32:55
60,12,20,95.89,2026-02-01 06:52:08
61,20,22,316.83,2026-01-23 11:43:01
62,103,109,333.54,2026-02-06 20:19:17
63,18,111,173.39,2026-02-09 06:32:11
64,51,39,350.74,2026-02-09 11:26:52
65,2,12,125.07,2026-01-21 12:44:14
66,47,111,37.97,2026-02-19 16:48:48
67,65,59,217.45,2026-02-02 09:25:26
68,123,113,207.9,2026-02-01 10:43:10
69,103,98,200.67,2026-02-08 18:16:34
70,114,36,335.32,2026-01-21 20:36:12
71,34,119,338.41,2026-02-17 21:37:59
72,67,103,195.81,2026-01-21 06:40:29
73,53,81,290.72,2026-02-19 15:09:35
74,41,65,60.67,2026-01-29 16:33:43
75,54,9,63.27,2026-01-27 09:17:02
76,28,100,43.28,2026-01-31 08:12:56
77,118,7,16.85,2026-02-10 14:32:54
78,60,5,203.95,2026-01-29 16:55:53
79,19,115,295.53,2026-02-18 07:16:42
80,116,17,67.79,2026-02-13 18:40:28
81,109,110,37.75,2026-01-24 15:14:34
82,120,121,33.92,2026-01-26 10:56:09
83,1,41,86.14,2026-02-02 11:05:19
84,17,59,148.78,2026-02-07 21:40:18
85,90,62,226.64,2026-02-07 15:19:40
86,35,55,40.02,2026-02-18 20:37:19
87,36,32,93.72,2026-01-26 06:09:49
88,17,113,329.16,2026-02-04 21:51:46
89,63,61,175.66,2026-02-19 15:32:10
90,92,4,240.19,2026-01-27 18:42:53
91,88,121,111.49,2026-01-26 10:47:28
92,87,73,72.54,2026-01-25 12:12:31
93,46,66,217.44,2026-02-01 07:29:21
94,115,49,203.32,2026-02-18 18:38:23
95,49,125,169.17,2026-02-18 10:42:31
96,120,8,107.11,2026-02-11 18:37:47
97,13,75,241.21,2026-01-28 16:21:19
98,58,15,67.44,2026-01-23 10:56:39
99,16,81,328.96,2026-01-26 08:12:56
100,63,9,103.6,2026-02-13 17:30:23
101,3,125,217.27,2026-01-26 18:14:57
102,122,5,148.5,2026-01-31 21:43:46
103,64,75,322.38,2026-01-25 15:44:52
104,55,112,315.57,2026-01-28 17:50:29
105,64,58,178.18,2026-02-04 07:54:30
106,31,23,217.31,2026-02-15 20:04:25
107,3,105,87.26,2026-01-30 08:46:04
108,47,112,182.48,2026-01-30 19:41:56
109,79,13,334.62,2026-02-06 20:16:55
110,36,47,349.57,2026-02-19 12:15:13
111,79,75,150.59,2026-02-15 09:28:43
112,66,98,338.39,2026-01-27 17:01:00
113,87,99,149.07,2026-02-08 19:53:22
114,70,91,56.63,2026-02-09 18:19:08
115,113,47,152.28,2026-01-31 12:03:24
116,26,30,204.73,2026-01-23 21:45:29
117,116,123,267.28,2026-02-11 09:57:37
118,64,74,196.19,2026-01-27 21:49:37
119,91,4,91.44,2026-02-15 09:00:06
120,16,48,134.46,2026-02-05 12:40:03
121,119,96,95.99,2026-02-12 06:08:57
122,74,83,299.49,2026-02-18 20:34:05
123,16,71,48.22,2026-01-26 07:40:21
124,56,112,275.42,2026-01-24 14:22:42
125,111,98,26.16,2026-02-15 13:05:15
126,24,82,321.03,2026-01-22 15:54:44
127,44,118,85.96,2026-02-01 12:27:27
128,72,105,91.24,2026-02-12 08:22:42
129,21,47,19.83,2026-01-30 12:49:47
130,117,6,364.13,2026-02-18 11:05:44
131,75,19,254.02,2026-02-06 09:23:44
132,35,98,357.36,2026-01-22 18:18:22
133,83,34,80.66,2026-01-28 12:17:33
134,5,109,290.86,2026-01-29 13:02:47
135,95,25,294.43,2026-01-27 17:41:54
136,105,83,382.95,2026-01-27 19:18:48
137,55,75,345.95,2026-02-03 08:25:47
138,56,27,384.19,2026-02-05 11:06:43
139,123,4,104.45,2026-02-16 16:58:31
140,33,34,30.99,2026-01-30 13:55:48
141,86,21,218.52,2026-01-29 16:46:11
142,42,72,130.05,2026-02-06 06:23:46
143,70,123,343.04,2026-01-28 15:15:27
144,101,58,44.1,2026-02-07 11:44:32
145,27,36,211.74,2026-02-02 20:24:22
146,58,17,86.23,2026-02-05 09:36:44
147,7,10,34.38,2026-02-05 15:07:28
148,108,87,104.52,2026-02-12 06:47:59
149,101,23,317.72,2026-01-29 20:02:28
150,38,67,128.08,2026-02-08 06:11:38
151,69,51,200.01,2026-02-14 20:11:08
152,74,51,43.31,2026-01-28 10:55:05
153,85,57,188.16,2026-02-01 21:41:26
154,80,112,248.04,2026-02-19 11:12:18
155,108,7,373.7,2026-02-13 17:15:22
156,40,52,253.17,2026-02-10 19:49:14
157,53,9,219.96,2026-02-11 09:53:27
158,121,50,299.52,2026-01-30 21:11:51
159,57,100,229.15,2026-02-02 19:55:32
160,87,18,136.49,2026-02-14 18:18:32
161,65,109,209.08,2026-02-12 09:51:43
162,7,47,218.31,2026-02-19 09:18:16
163,29,83,248.42,2026-02-06 19:23:10
164,65,62,81.0,2026-02-11 07:47:45
165,72,59,163.85,2026-02-16 14:45:07
166,48,7,133.1,2026-02-01 15:04:43
167,32,93,145.65,2026-01-27 18:55:01
168,38,72,235.17,2026-02-09 06:21:49
169,59,79,90.19,2026-01-27 21:03:19
170,114,112,329.14,2026-01-24 14:54:24
171,69,76,314.87,2026-02-15 14:29:08
172,26,44,63.72,2026-02-12 14:01:53
173,114,73,85.02,2026-01-28 14:18:04
174,5,18,89.66,2026-02-19 15:15:12
175,6,71,68.28,2026-02-14 18:20:40
176,11,101,330.84,2026-01-25 09:44:20
177,32,13,93.08,2026-02-05 14:56:50
178,35,54,328.95,2026-02-10 09:30:04
179,114,96,308.18,2026-02-05 20:43:08
180,95,112,58.24,2026-02-11 16:24:58
181,64,99,159.52,2026-01-31 20:48:47
182,76,21,300.8,2026-02-04 08:47:21
183,78,97,189.39,2026-02-06 21:16:42
184,66,14,18.57,2026-02-06 21:45:05
185,82,72,104.98,2026-01-24 10:32:48
186,40,4,37.46,2026-02-01 21:24:06
187,22,6,47.98,2026-01-28 17:28:58
188,55,104,323.51,2026-02-16 06:42:51
189,33,9,65.69,2026-01-23 07:06:14
190,69,111,41.77,2026-01-30 14:48:40
191,118,56,307.35,2026-02-18 19:11:55
192,101,85,236.77,2026-01-25 21:57:42
193,86,76,118.38,2026-02-19 16:47:07
194,92,80,286.1,2026-02-11 21:07:58
195,33,118,134.92,2026-02-03 13:06:53
196,25,122,338.03,2026-01-29 17:34:03
197,100,80,350.9,2026-01-22 12:10:30
198,93,103,254.65,2026-02-18 07:15:38
199,77,71,370.86,2026-02-08 11:42:28
200,52,93,120.46,2026-02-15 10:16:21
201,111,44,369.1,2026-02-06 13:48:20
202,57,107,329.25,2026-01-24 13:11:42
203,116,18,180.83,2026-01-29 13:01:39
204,97,77,246.91,2026-02-02 13:53:25
205,66,29,280.71,2026-02-15 11:38:41
206,125,91,128.08,2026-01-22 19:48:00
207,73,105,181.08,2026-02-07 17:41:42
208,16,64,44.96,2026-02-19 13:32:01
209,69,25,78.48,2026-01-26 12:33:08
210,51,82,176.19,2026-02-10 06:14:03
211,33,5,192.28,2026-02-06 17:30:22
212,112,42,152.44,2026-02-18 16:30:16
213,30,4,218.83,2026-02-15 14:02:08
214,111,93,254.9,2026-02-19 14:39:10
215,100,77,206.2,2026-02-02 20:20:31
216,54,40,284.63,2026-01-25 14:00:40
217,42,95,307.51,2026-02-01 20:21:16
218,100,96,88.22,2026-01-23 10:46:45
219,119,26,84.69,2026-02-12 16:20:15
220,44,34,104.49,2026-01-30 08:22:48
221,68,64,308.39,2026-02-04 18:59:01
222,41,44,130.74,2026-01-25 19:28:17
223,10,43,84.6,2026-02-09 10:55:11
224,54,51,191.55,2026-01-26 07:18:55
225,26,58,101.34,2026-02-17 06:43:35
226,61,42,126.35,2026-02-06 12:23:02
227,78,110,219.27,2026-02-17 10:42:15
228,19,95,68.71,2026-02-11 11:04:42
229,18,3,212.98,2026-02-08 18:24:32
230,33,101,55.35,2026-02-10 15:40:57
231,55,80,17.82,2026-02-05 19:32:12
232,97,86,280.42,2026-02-12 19:59:17
233,17,82,169.48,2026-01-24 21:07:16
234,44,6,378.16,2026-01-25 16:15:17
235,23,89,390.0,2026-01-29 07:54:36
236,33,116,142.68,2026-02-11 09:29:18
237,74,61,394.35,2026-02-07 17:18:00
238,40,75,285.94,2026-02-08 16:59:07
239,117,44,73.93,2026-02-15 20:55:50
240,61,15,41.57,2026-02-02 12:42:59
241,48,1,90.91,2026-02-11 19:16:13
242,92,8,312.83,2026-01-27 14:39:02
243,101,45,201.34,2026-02-17 12:37:08
244,118,117,311.28,2026-01-21 09:13:35
245,69,77,238.25,2026-01-26 20:15:23
246,100,93,278.45,2026-02-18 15:18:25
247,37,7,69.96,2026-02-14 14:52:40
248,120,31,25.49,2026-02-14 19:03:48
249,102,15,49.88,2026-01-21 19:36:46
250,95,57,384.5,2026-02-01 20:12:27
251,117,123,374.11,2026-02-18 09:50:33
252,19,54,30.38,2026-02-08 19:34:28
253,124,25,348.64,2026-02-14 16:18:28
254,6,96,223.73,2026-02-16 19:04:03
255,62,35,321.14,2026-02-17 17:59:29
256,105,93,213.06,2026-02-05 15:18:55
257,40,42,316.47,2026-01-24 13:23:10
258,17,80,192.43,2026-02-10 06:30:47
259,117,97,18.79,2026-02-05 17:19:44
260,36,122,80.68,2026-02-09 18:39:16
261,54,117,150.46,2026-02-13 18:16:20
262,51,125,382.81,2026-02-07 08:19:14
263,44,42,275.03,2026-02-04 15:03:26
264,72,1,339.36,2026-02-17 14:02:50
265,78,83,379.4,2026-01-30 20:03:54
266,28,15,163.92,2026-02-07 17:18:03
267,22,97,112.88,2026-02-16 17:09:21
268,36,21,324.34,2026-02-14 09:25:42
269,22,85,340.11,2026-02-16 11:21:11
270,14,29,230.91,2026-01-28 12:52:41
271,41,78,145.04,2026-01-21 06:43:19
272,121,9,368.91,2026-02-03 19:07:54
273,76,111,139.87,2026-02-02 19:48:44
274,72,123,18.0,2026-02-07 08:47:58
275,55,61,333.38,2026-02-06 18:18:43
276,112,113,12.31,2026-02-03 11:24:22
277,125,49,274.58,2026-02-04 06:53:29
278,70,33,121.8,2026-02-03 06:56:18
279,84,7,58.78,2026-01-27 07:51:25
280,118,21,390.67,2026-01-22 21:43:08
281,118,54,244.55,2026-01-28 20:20:24
282,108,42,92.08,2026-02-14 06:59:36
283,99,100,115.65,2026-01-25 13:27:42
284,13,56,283.82,2026-02-19 13:50:12
285,69,52,338.84,2026-02-14 19:05:26
286,24,99,163.09,2026-02-02 13:35:53
287,81,87,208.28,2026-02-14 11:56:19
288,69,97,90.72,2026-01-26 16:15:04
289,80,24,72.48,2026-01-29 18:47:34
290,38,31,383.83,2026-02-05 20:17:16
291,33,93,82.83,2026-01-27 12:27:43
292,59,16,147.45,2026-01-30 07:46:16
293,18,10,104.34,2026-02-02 17:08:03
294,38,40,135.45,2026-02-01 12:05:01
295,14,122,141.36,2026-01-28 14:25:05
296,44,9,234.45,2026-01-29 16:54:08
297,58,27,22.89,2026-01-21 06:56:08
298,106,55,240.53,2026-02-07 17:06:08
299,31,18,322.68,2026-02-07 21:51:15
300,85,28,262.4,2026-01-21 14:47:30
301,111,84,134.2,2026-01-30 18:22:36
302,24,46,63.0,2026-01-31 15:42:58
303,37,81,153.72,2026-01-24 21:56:10
304,91,16,365.77,2026-02-12 17:26:21
305,54,80,96.3,2026-02-09 21:59:43
306,34,121,46.75,2026-01-27 06:17:05
307,68,72,220.12,2026-02-05 17:53:15
308,95,8,43.44,2026-02-10 16:51:52
309,44,37,48.7,2026-01-29 21:01:49
310,13,108,193.72,2026-01-29 15:57:11
311,62,27,26.08,2026-02-16 09:48:41
312,26,116,251.45,2026-02-11 12:10:30
313,24,51,101.92,2026-02-02 15:43:11
314,60,25,107.52,2026-01-26 17:19:22
315,124,68,299.19,2026-02-19 13:18:38
316,113,40,70.05,2026-02-04 12:19:12
317,43,25,271.44,2026-02-18 07:21:13
318,71,12,381.47,2026-02-02 12:24:09
319,94,9,175.61,2026-01-25 19:36:08
320,72,96,321.41,2026-01-22 19:49:46
321,7,8,375.47,2026-01-30 18:25:17
322,79,113,93.94,2026-02-11 14:40:22
323,85,112,320.33,2026-02-10 06:40:50
324,18,113,309.24,2026-01-21 15:02:20
325,33,31,100.1,2026-02-02 14:08:51
326,8,117,359.3,2026-02-17 20:38:29
327,93,41,193.41,2026-02-14 07:58:04
328,74,125,302.7,2026-02-10 10:16:45
329,63,65,271.87,2026-02-11 12:59:45
330,20,80,265.52,2026-02-14 09:40:58
331,104,79,227.14,2026-02-11 07:55:16
332,76,45,261.85,2026-02-13 21:49:57
333,3,18,41.5,2026-02-09 11:15:19
334,4,55,12.23,2026-02-03 17:07:24
335,14,77,171.63,2026-02-07 08:22:41
336,108,93,220.35,2026-01-25 07:47:57
337,95,114,96.35,2026-02-10 10:54:37
338,109,23,262.2,2026-02-02 12:40:11
339,8,119,151.25,2026-01-26 08:14:28
340,44,85,35.31,2026-02-04 21:57:14
341,62,47,335.75,2026-01-31 10:49:23
342,46,16,399.21,2026-02-01 09:17:33
343,119,50,177.47,2026-01-23 06:49:57
344,102,59,227.77,2026-02-08 20:36:30
345,14,32,297.31,2026-01-25 21:39:41
346,27,91,379.36,2026-01-22 06:49:30
347,3,29,370.24,2026-01-21 06:27:49
348,49,79,314.99,2026-01-27 20:07:29
349,99,8,373.86,2026-01-26 15:41:36
350,7,41,273.43,2026-02-02 13:26:06
351,67,101,178.0,2026-02-03 09:19:27
352,112,22,399.74,2026-01-21 06:42:51
353,36,112,323.57,2026-02-07 06:17:57
354,80,39,338.37,2026-02-09 19:47:54
355,85,98,159.02,2026-01-24 07:55:22
356,37,52,232.08,2026-02-10 10:26:30
357,83,48,355.86,2026-02-06 09:43:44
358,54,107,230.46,2026-02-08 13:38:24
359,80,69,321.41,2026-01-30 19:33:47
360,83,86,274.44,2026-02-19 18:08:48
361,60,14,295.78,2026-02-16 08:32:43
362,32,94,118.35,2026-02-03 13:28:03
363,61,13,123.29,2026-02-15 13:06:45
364,90,23,375.34,2026-01-21 06:14:16
365,19,46,371.36,2026-02-10 16:59:36
366,12,4,49.94,2026-02-02 15:48:13
367,42,97,111.9,2026-02-19 09:19:38
368,105,48,61.31,2026-02-05 19:34:52
369,66,64,319.3,2026-02-01 20:43:47
370,25,84,192.47,2026-01-29 17:54:07
371,69,64,286.0,2026-02-11 21:06:39
372,84,105,177.21,2026-01-22 09:04:30
373,7,46,47.26,2026-01-24 06:47:02
374,9,40,22.63,2026-02-06 12:16:54
375,74,119,298.8,2026-02-10 08:04:24
376,11,18,391.99,2026-01-28 07:50:14
377,60,84,311.58,2026-01-24 12:29:06
378,56,123,335.94,2026-02-16 19:27:09
379,14,116,225.83,2026-01-26 07:37:38
380,87,6,377.09,2026-02-06 18:11:03
381,40,117,92.73,2026-02-18 16:59:03
382,78,100,47.08,2026-02-05 14:40:03
383,29,63,270.47,2026-01-21 06:38:20
384,102,53,16.69,2026-02-11 15:06:21
385,22,82,265.31,2026-02-18 12:32:51
386,87,92,12.21,2026-02-01 14:49:54
387,105,97,148.63,2026-02-02 20:39:26
388,81,19,26.99,2026-01-25 08:42:38
389,69,51,10.51,2026-01-22 21:32:48
390,47,6,113.44,2026-02-01 15:03:22
391,86,36,305.11,2026-02-12 14:29:58
392,38,95,73.09,2026-01-31 18:12:26
393,89,103,350.89,2026-02-17 17:53:25
394,9,22,366.72,2026-01-29 10:37:18
395,110,43,305.79,2026-01-30 13:16:30
396,73,121,52.4,2026-01-30 13:32:09
397,66,19,373.03,2026-02-08 07:14:55
398,33,71,78.49,2026-01-21 20:30:24
399,52,51,126.47,2026-01-25 10:31:59
400,52,43,289.9,2026-02-16 08:28:21
401,23,68,17.14,2026-01-21 20:16:50
402,87,46,384.96,2026-02-06 11:58:09
403,44,23,379.24,2026-02-08 11:44:30
404,44,60,213.95,2026-02-06 20:18:08
405,68,31,42.72,2026-02-05 19:32:58
406,89,66,381.93,2026-02-08 06:42:48
407,74,50,350.03,2026-01-23 20:51:09
408,34,96,250.18,2026-02-01 06:58:06
409,112,87,176.18,2026-01-23 19:38:46
410,9,62,278.77,2026-02-05 08:10:24
411,46,83,238.83,2026-02-04 17:38:58
412,45,65,236.9,2026-02-02 09:08:13
413,2,107,35.93,2026-01-27 18:00:05
414,87,95,42.34,2026-02-11 07:26:41
415,55,12,40.7,2026-02-07 07:58:51
416,72,10,383.93,2026-02-19 19:59:17
417,45,102,11.02,2026-02-05 18:54:28
418,13,87,167.76,2026-01-21 17:44:11
419,19,79,119.07,2026-02-17 09:35:54
420,67,48,53.41,2026-02-19 20:45:18
421,117,21,371.66,2026-01-23 07:55:54
422,64,42,393.81,2026-02-19 10:16:17
423,48,92,326.4,2026-02-04 11:40:26
424,38,15,355.18,2026-02-10 08:01:34
425,41,92,218.06,2026-01-21 09:39:48
426,100,112,350.19,2026-01-28 11:08:02
427,16,70,261.59,2026-01-31 09:33:59
428,100,107,95.84,2026-02-11 18:03:13
429,106,101,346.01,2026-02-03 12:06:08
430,29,62,397.95,2026-02-03 15:33:58
431,64,49,301.76,2026-02-05 18:53:35
432,34,42,152.02,2026-02-01 21:12:23
433,43,122,191.2,2026-02-18 06:22:52
434,105,40,20.47,2026-02-01 12:44:12
435,113,95,108.61,2026-02-09 14:01:54
436,3,71,61.1,2026-02-15 13:20:47
437,86,5,287.47,2026-02-05 17:16:37
438,19,116,52.33,2026-01-29 10:37:03
439,17,34,106.12,2026-02-07 18:09:37
440,107,41,299.2,2026-01-29 10:24:41
441,89,3,22.05,2026-01-26 08:14:35
442,102,25,178.52,2026-02-15 14:53:58
443,40,111,138.78,2026-01-29 08:19:18
444,90,97,26.11,2026-02-13 06:49:38
445,43,54,375.91,2026-02-11 08:44:53
446,74,35,261.94,2026-02-04 09:22:35
447,73,56,160.89,2026-02-08 06:17:16
448,66,56,311.93,2026-01-24 20:54:37
449,44,25,344.53,2026-02-13 06:59:58
450,48,19,78.4,2026-01-30 14:43:57
451,76,104,333.05,2026-01-31 15:35:48
452,63,96,304.79,2026-01-30 06:04:02
453,49,16,179.25,2026-02-02 18:15:07
454,102,83,286.83,2026-01-24 13:09:51
455,99,101,214.04,2026-02-19 15:31:44
456,11,32,232.6,2026-02-17 12:19:24
457,87,104,398.38,2026-02-11 12:11:38
458,114,42,145.99,2026-01-25 08:15:25
459,104,70,76.71,2026-02-04 20:11:20
460,88,2,389.62,2026-02-04 17:31:20
461,64,107,365.6,2026-02-14 06:24:45
462,112,95,22.81,2026-01-28 06:06:06
463,8,62,100.15,2026-01-22 09:49:27
464,46,109,265.9,2026-02-01 15:09:49
465,120,12,275.12,2026-01-29 13:24:05
466,22,86,26.56,2026-01-31 12:49:52
467,86,57,296.21,2026-02-02 13:09:54
468,93,95,124.13,2026-02-05 12:05:29
469,76,117,56.74,2026-01-26 17:14:22
470,13,64,282.02,2026-01-28 18:36:13
471,28,58,226.43,2026-02-09 09:00:38
472,65,62,258.02,2026-02-02 16:07:28
473,25,67,373.65,2026-02-10 07:31:52
474,29,119,83.38,2026-01-26 19:17:48
475,59,22,205.85,2026-01-25 06:36:13
476,76,97,359.34,2026-02-19 21:11:09
477,66,86,40.0,2026-01-31 12:39:33
478,34,90,222.12,2026-01-27 07:28:22
479,86,30,365.94,2026-01-24 10:52:18
480,12,6,178.34,2026-01-25 06:42:57
481,21,90,356.19,2026-02-15 18:43:36
482,97,74,276.36,2026-02-13 20:27:21
483,67,19,396.34,2026-01-26 17:14:35
484,110,40,132.46,2026-01-30 19:03:31
485,74,105,171.79,2026-01-22 12:10:34
486,17,1,268.41,2026-01-31 12:05:54
487,100,68,64.62,2026-01-23 12:01:00
488,58,88,279.84,2026-02-02 06:09:08
489,90,38,37.1,2026-02-06 08:43:45
490,98,9,242.82,2026-02-02 15:37:10
491,62,120,362.81,2026-02-05 18:31:18
492,24,21,375.1,2026-02-18 16:42:10
493,80,113,298.11,2026-02-14 06:13:23
494,93,106,290.73,2026-02-13 20:38:06
495,22,119,100.54,2026-02-15 12:14:25
496,11,79,129.88,2026-01-28 13:18:02
497,67,16,221.69,2026-02-08 13:15:56
498,32,111,100.19,2026-01-28 14:30:41
499,13,54,291.7,2026-01-30 20:08:59
500,120,89,303.14,2026-02-19 12:44:07
501,89,8,122.54,2026-02-04 09:49:42
502,4,104,352.55,2026-01-23 18:33:23
503,42,36,206.49,2026-01-22 13:35:16
504,10,41,54.57,2026-02-05 16:43:24
505,106,45,275.58,2026-01-27 17:20:54
506,57,100,257.04,2026-02-08 15:00:22
507,25,110,108.24,2026-01-25 12:03:43
508,18,10,190.27,2026-01-30 08:51:58
509,120,6,27.28,2026-02-08 16:58:07
510,69,8,23.39,2026-02-06 07:19:15
511,80,86,359.59,2026-02-03 16:11:45
512,5,121,360.11,2026-02-13 12:08:02
513,122,112,254.84,2026-01-27 14:26:14
514,93,29,251.47,2026-01-29 11:05:42
515,112,108,116.59,2026-02-11 13:35:04
516,113,96,143.29,2026-02-03 11:13:11
517,111,60,26.02,2026-01-29 16:27:41
518,26,48,66.23,2026-01-21 17:32:49
519,96,12,202.54,2026-02-15 08:16:08
520,47,3,231.66,2026-02-14 10:06:02
521,80,105,229.19,2026-01-24 19:04:24
522,82,1,307.11,2026-02-18 17:24:26
523,10,42,179.86,2026-01-29 14:01:34
524,120,59,104.94,2026-01-21 10:15:36
525,104,23,372.8,2026-02-13 18:28:57
526,89,11,335.35,2026-01-22 18:26:53
527,105,65,145.97,2026-01-31 18:06:01
528,51,72,357.54,2026-01-28 17:09:22
529,4,26,259.19,2026-02-17 10:50:09
530,56,120,214.12,2026-01-31 13:13:44
531,103,125,240.51,2026-02-11 15:47:38
532,9,63,388.41,2026-02-05 07:15:15
533,68,125,15.25,2026-01-21 07:48:21
534,26,53,366.91,2026-01-22 18:17:25
535,52,125,183.13,2026-02-01 14:08:04
536,42,74,71.17,2026-02-14 10:55:27
537,102,74,368.97,2026-02-09 13:09:51
538,25,122,355.71,2026-02-07 20:10:37
539,120,5,136.54,2026-02-19 21:38:56
540,91,56,218.16,2026-02-19 17:21:33
541,99,114,214.33,2026-01-28 11:02:13
542,103,123,114.99,2026-02-05 20:38:09
543,99,74,214.06,2026-01-26 13:32:16
544,57,105,281.98,2026-01-31 09:24:30
545,79,57,12.31,2026-01-29 09:34:42
546,11,28,78.38,2026-01-28 16:21:53
547,42,68,364.54,2026-02-12 14:10:49
548,101,104,267.83,2026-01-25 06:21:38
549,76,30,67.39,2026-01-30 21:38:54
550,4,2,298.92,2026-02-10 17:47:04
551,74,72,137.81,2026-02-19 06:34:00
552,71,96,29.12,2026-02-03 07:38:04
553,116,95,196.23,2026-02-13 17:08:45
554,34,7,55.18,2026-02-05 19:09:14
555,32,97,18.75,2026-01-30 13:38:55
556,44,108,222.98,2026-02-18 21:45:53
557,39,90,300.92,2026-02-08 13:42:17
558,91,17,223.97,2026-02-09 15:18:17
559,51,6,166.24,2026-02-05 18:01:18
560,51,70,190.0,2026-02-11 20:05:27
561,35,88,37.05,2026-02-06 16:35:06
562,69,89,318.3,2026-02-07 18:59:17
563,21,76,16.49,2026-02-12 08:54:02
564,13,86,167.65,2026-01-31 07:49:09
565,15,74,10.45,2026-01-21 11:36:06
566,81,27,39.33,2026-02-18 07:28:48
567,4,61,386.62,2026-02-05 17:27:54
568,2,17,259.06,2026-02-13 09:37:11
569,108,102,161.03,2026-02-10 12:55:31
570,97,19,370.18,2026-01-30 06:25:45
571,33,119,221.64,2026-01-21 10:24:31
572,33,60,31.21,2026-01-23 20:37:32
573,99,84,337.01,2026-02-04 17:09:14
574,44,68,55.34,2026-02-11 09:37:57
575,55,76,297.75,2026-01-21 12:11:10
576,82,34,66.03,2026-01-21 08:59:59
577,65,89,232.1,2026-02-14 15:44:48
578,69,103,208.74,2026-01-28 17:12:25
579,96,58,53.72,2026-01-30 11:06:52
580,31,50,64.8,2026-02-04 14:02:29
581,84,107,148.3,2026-02-17 11:06:45
582,12,30,84.37,2026-02-03 16:44:20
583,78,67,184.81,2026-02-10 16:33:10
584,81,64,220.45,2026-02-03 19:24:45
585,37,122,218.07,2026-01-26 21:27:10
586,113,1,342.94,2026-01-30 13:41:25
587,91,16,232.31,2026-01-29 06:20:22
588,116,44,29.36,2026-01-24 09:53:22
589,25,79,35.13,2026-01-27 08:04:15
590,102,111,243.14,2026-01-23 16:10:09
591,98,96,330.4,2026-02-13 13:20:28
592,84,104,61.19,2026-01-28 18:37:02
593,31,87,152.52,2026-02-17 09:24:06
594,23,26,283.35,2026-01-26 11:20:28
595,77,111,79.7,2026-02-13 19:21:59
596,21,60,271.54,2026-01-21 06:46:39
597,107,27,275.27,2026-02-18 12:56:54
598,92,97,50.84,2026-02-18 21:03:00
599,12,13,47.79,2026-01-21 07:06:17
600,51,68,291.91,2026-01-31 16:01:22
601,34,66,206.59,2026-02-15 10:21:03
602,113,121,266.56,2026-02-01 08:48:37
603,26,77,197.82,2026-01-28 10:30:51
604,1,67,218.4,2026-02-10 15:53:29
605,32,117,219.27,2026-02-05 21:47:27
606,22,70,265.11,2026-02-05 06:43:26
607,7,29,82.11,2026-02-02 18:23:55
608,33,54,72.54,2026-02-05 16:07:55
609,103,92,283.82,2026-01-29 08:56:12
610,95,85,29.95,2026-02-16 07:55:51
611,79,61,14.51,2026-01-23 17:54:20
612,79,25,57.87,2026-02-05 06:47:09
613,26,67,331.69,2026-02-15 07:58:20
614,56,74,141.46,2026-02-18 20:39:07
615,103,51,302.75,2026-02-19 19:56:38
616,67,1,381.39,2026-02-11 09:35:14
617,86,97,241.98,2026-02-19 21:36:47
618,63,95,58.25,2026-02-03 21:26:07
619,18,26,174.7,2026-02-13 12:41:03
620,21,123,72.84,2026-02-18 17:08:25
621,12,119,251.03,2026-01-29 14:25:48
622,60,48,127.19,2026-02-07 20:03:23
623,43,70,45.14,2026-01-24 18:46:08
624,35,87,363.11,2026-02-18 07:06:41
625,46,57,330.05,2026-01-24 20:41:37
626,51,111,85.75,2026-01-31 15:32:38
627,11,35,71.16,2026-01-28 21:03:44
628,11,120,144.87,2026-02-17 08:03:19
629,36,80,177.38,2026-01-30 12:47:09
630,90,114,340.04,2026-02-17 12:00:12
631,90,14,331.16,2026-02-18 06:49:49
632,48,55,83.8,2026-01-30 20:14:10
633,87,82,273.09,2026-01-29 11:10:16
634,46,5,84.16,2026-01-28 08:04:22
635,31,55,36.68,2026-02-19 20:05:54
636,28,43,25.55,2026-02-18 15:05:15
637,80,94,397.92,2026-02-15 09:43:14
638,113,49,257.9,2026-02-17 06:56:46
639,48,55,257.37,2026-02-16 15:56:32
640,118,40,331.72,2026-02-10 06:58:56
641,4,68,174.79,2026-01-31 11:04:08
642,15,90,95.7,2026-02-12 21:59:56
643,122,53,347.78,2026-02-08 12:25:15
644,25,101,389.02,2026-02-02 17:27:07
645,77,116,144.18,2026-02-18 20:15:34
646,62,12,232.97,2026-01-23 08:58:10
647,77,29,232.08,2026-01-26 20:53:23
648,53,112,111.61,2026-01-27 21:16:47
649,69,96,248.1,2026-02-17 16:11:17
650,80,14,190.84,2026-01-27 16:30:16
651,101,112,45.74,2026-01-25 21:56:45
652,87,32,233.19,2026-02-19 19:50:16
653,122,41,13.14,2026-01-22 20:55:11
654,75,114,106.43,2026-02-19 06:17:30
655,53,9,323.48,2026-02-13 15:49:54
656,112,19,111.15,2026-02-08 21:48:12
657,45,20,73.85,2026-02-08 08:25:06
658,103,45,37.34,2026-01-24 17:16:57
659,81,41,101.04,2026-01-28 12:21:23
660,65,56,321.72,2026-02-17 15:22:29
661,65,114,203.19,2026-01-29 11:19:01
662,11,116,139.08,2026-01-23 12:23:07
663,103,2,180.19,2026-01-25 12:19:27
664,77,85,25.77,2026-02-12 12:16:27
665,47,33,394.13,2026-02-03 16:18:47
666,15,34,103.88,2026-01-27 15:43:54
667,91,8,346.31,2026-01-22 11:05:38
668,9,72,39.34,2026-02-07 14:46:00
669,64,33,339.11,2026-01-21 17:23:03
670,50,76,255.07,2026-02-19 21:36:10
671,113,88,16.44,2026-02-08 11:37:13
672,71,112,166.42,2026-01-21 09:41:10
673,46,35,225.14,2026-02-18 18:53:06
674,51,73,193.61,2026-02-06 08:44:40
675,125,46,222.78,2026-02-02 18:56:50
676,60,1,107.48,2026-02-18 20:09:19
677,22,106,219.17,2026-02-16 08:36:33
678,79,123,298.35,2026-01-24 10:50:31
679,91,113,249.71,2026-01-28 06:12:10
680,89,55,259.98,2026-01-23 18:46:54
681,121,26,164.07,2026-01-21 11:13:25
682,46,83,279.92,2026-01-24 18:41:31
683,124,60,127.01,2026-02-06 18:37:59
684,93,81,13.9,2026-02-16 17:02:54
685,90,15,12.52,2026-02-10 10:35:19
686,88,17,84.39,2026-02-19 08:08:39
687,120,85,63.18,2026-02-12 10:01:45
688,100,34,58.32,2026-02-01 18:27:15
689,78,31,212.33,2026-02-14 08:33:30
690,71,18,103.89,2026-01-21 11:20:33
691,117,121,131.73,2026-02-05 08:23:22
692,121,73,209.33,2026-01-24 17:45:27
693,86,122,246.44,2026-02-18 08:36:20
694,82,11,51.07,2026-01-24 18:25:45
695,6,95,95.52,2026-02-08 10:13:38
696,20,25,216.21,2026-01-23 17:42:45
697,94,86,345.84,2026-02-18 18:30:44
698,66,21,382.64,2026-01-27 14:36:35
699,108,77,359.76,2026-01-21 10:53:13
700,5,17,87.2,2026-02-10 11:46:48
701,45,107,114.06,2026-02-13 13:16:16
702,57,53,49.36,2026-02-06 11:36:23
703,115,59,252.42,2026-01-25 10:32:01
704,81,82,30.86,2026-02-08 20:38:52
705,16,60,96.12,2026-02-04 13:05:11
706,15,103,47.26,2026-02-14 11:57:40
707,24,36,83.32,2026-02-13 11:31:25
708,63,62,312.47,2026-01-28 18:23:39
709,4,11,244.44,2026-01-24 14:35:35
710,21,112,242.49,2026-01-28 07:00:19
711,1,81,95.79,2026-02-01 17:19:38
712,27,24,195.76,2026-02-05 09:01:24
713,109,27,249.04,2026-02-05 13:16:45
714,73,74,393.67,2026-02-14 13:19:14
715,85,41,207.38,2026-01-27 15:38:10
716,17,32,28.16,2026-01-21 17:17:48
717,47,119,198.41,2026-02-14 17:10:48
718,73,13,95.04,2026-02-06 20:45:28
719,16,78,39.33,2026-01-24 09:22:01
720,70,125,257.81,2026-02-12 21:01:52
721,110,36,82.98,2026-02-04 09:02:55
722,50,111,208.45,2026-02-18 21:17:26
723,42,54,88.74,2026-02-16 08:12:41
724,46,36,109.42,2026-01-21 14:10:25
725,48,112,119.7,2026-02-08 11:02:05
726,117,40,157.01,2026-02-03 10:21:33
727,121,51,243.93,2026-01-30 06:08:17
728,13,75,46.72,2026-01-27 18:21:32
729,61,52,181.62,2026-02-14 16:22:58
730,27,9,274.39,2026-01-26 12:21:30
731,99,40,239.21,2026-02-06 13:49:19
732,25,37,193.47,2026-02-10 11:23:07
733,13,18,293.07,2026-02-18 13:43:25
734,5,40,394.34,2026-02-12 09:31:10
735,71,49,280.09,2026-01-31 18:36:24
736,74,85,341.47,2026-02-11 07:33:55
737,50,63,301.65,2026-02-05 19:22:25
738,29,45,25.3,2026-02-03 08:54:42
739,104,2,173.06,2026-02-15 12:37:36
740,25,67,129.03,2026-02-01 20:52:03
741,85,5,317.9,2026-02-14 14:32:16
742,113,73,165.0,2026-02-05 21:12:13
743,65,11,185.68,2026-01-26 10:10:14
744,19,114,52.68,2026-02-10 13:13:33
745,71,115,329.94,2026-02-08 07:56:46
746,10,112,52.8,2026-02-01 09:12:20
747,50,13,267.69,2026-02-01 07:28:12
748,45,6,295.78,2026-01-26 08:36:42
749,4,91,109.21,2026-02-05 20:22:34
750,114,66,234.0,2026-01-29 06:14:55
751,64,70,392.41,2026-02-16 21:46:32
752,81,107,115.94,2026-01-25 14:32:48
753,10,49,196.06,2026-02-08 08:25:53
754,8,45,397.72,2026-01-29 09:57:49
755,37,56,364.38,2026-02-10 14:17:37
756,106,88,228.65,2026-02-01 18:46:13
757,67,40,395.89,2026-02-04 06:38:56
758,105,19,369.07,2026-02-04 08:46:57
759,35,56,287.18,2026-01-21 15:40:52
760,23,43,171.17,2026-02-19 15:39:33
761,114,10,188.98,2026-02-08 08:58:27
762,69,63,88.25,2026-02-05 20:55:40
763,100,19,312.29,2026-02-15 12:56:32
764,54,102,95.36,2026-01-24 15:40:07
765,101,79,256.45,2026-02-05 19:22:39
766,26,35,284.07,2026-01-22 19:36:02
767,42,115,130.04,2026-01-25 14:51:20
768,116,9,320.27,2026-01-24 06:24:05
769,48,99,367.54,2026-02-01 10:29:21
770,21,79,192.82,2026-01-30 06:49:17
771,31,99,43.35,2026-02-19 16:48:39
772,95,66,130.24,2026-01-28 18:43:06
773,82,86,316.13,2026-02-11 11:40:27
774,66,100,395.42,2026-01-23 15:35:20
775,77,2,25.58,2026-02-09 06:10:05
776,47,32,353.5,2026-02-17 09:56:49
777,21,117,301.46,2026-01-30 15:39:02
778,66,121,86.03,2026-01-30 09:13:01
779,45,85,91.94,2026-02-06 10:42:32
780,52,94,73.95,2026-02-18 14:10:50
781,52,67,177.18,2026-01-27 11:52:02
782,110,52,241.18,2026-02-14 21:45:28
783,76,99,235.5,2026-02-07 07:35:00
784,10,45,25.2,2026-02-13 16:00:48
785,8,101,263.0,2026-02-06 11:08:41
786,123,50,348.97,2026-01-28 09:42:41
787,35,42,265.26,2026-02-01 08:43:26
788,109,29,85.08,2026-02-09 12:16:21
789,21,106,93.71,2026-02-02 06:32:03
790,90,94,374.82,2026-02-10 17:49:08
791,52,86,181.67,2026-01-24 10:14:37
792,102,24,329.44,2026-01-31 14:25:06
793,100,43,361.59,2026-02-10 09:32:42
794,122,35,321.23,2026-02-09 17:08:40
795,30,15,117.48,2026-02-07 10:24:35
796,73,90,259.5,2026-02-17 21:21:48
797,118,21,26.33,2026-02-07 16:28:14
798,32,29,398.79,2026-02-08 10:44:26
799,78,15,229.74,2026-02-05 19:13:44
800,67,121,396.17,2026-02-18 16:06:29
801,66,38,191.72,2026-02-03 21:37:21
802,120,16,159.93,2026-01-21 21:37:07
803,4,82,207.88,2026-02-07 14:49:53
804,88,12,60.02,2026-02-01 12:01:29
805,70,5,88.25,2026-02-08 21:56:22
806,11,74,191.98,2026-02-05 16:26:55
807,100,17,134.49,2026-02-15 19:07:04
808,33,80,381.74,2026-02-03 18:59:03
809,83,102,101.59,2026-02-03 17:05:57
810,97,87,71.16,2026-02-09 21:42:27
811,103,3,264.04,2026-02-01 13:23:18
812,77,38,246.9,2026-02-06 15:41:01
813,6,53,187.49,2026-02-12 10:59:25
814,48,56,206.39,2026-01-24 12:47:24
815,78,89,262.95,2026-02-18 15:08:14
816,42,119,169.81,2026-02-09 12:48:21
817,85,115,320.29,2026-02-10 12:49:30
818,30,42,115.05,2026-02-19 10:55:40
819,20,72,324.16,2026-02-17 17:50:23
820,49,122,226.87,2026-01-22 06:47:36
821,89,111,157.04,2026-02-07 10:52:24
822,1,106,352.22,2026-01-30 21:35:35
823,82,44,296.57,2026-02-02 14:23:59
824,24,123,22.94,2026-02-14 20:23:14
825,72,35,72.03,2026-02-18 13:04:02
826,119,40,175.03,2026-02-18 13:18:23
827,45,123,305.55,2026-02-17 11:54:47
828,7,1,317.91,2026-02-12 09:15:45
829,108,107,336.05,2026-02-13 11:58:08
830,11,5,130.53,2026-02-13 21:26:03
831,105,38,88.47,2026-01-28 06:16:25
832,84,19,212.59,2026-02-18 09:58:17
833,118,27,354.56,2026-02-18 18:22:44
834,124,64,175.94,2026-02-07 16:13:20
835,124,108,159.87,2026-02-18 09:06:15
836,24,70,142.52,2026-02-01 07:02:41
837,115,65,206.53,2026-01-30 09:01:51
838,32,3,265.61,2026-02-18 16:57:49
839,89,123,90.35,2026-02-13 19:13:38
840,44,48,64.19,2026-02-02 18:02:16
841,117,103,342.0,2026-02-02 18:34:44
842,58,3,335.7,2026-01-21 08:52:26
843,46,111,332.31,2026-01-31 15:09:33
844,84,93,220.03,2026-02-16 09:51:21
845,120,71,390.69,2026-02-12 17:18:15
846,81,89,175.9,2026-02-09 10:18:41
847,30,17,384.16,2026-02-02 13:28:53
848,77,71,50.57,2026-02-19 13:11:27
849,88,32,31.45,2026-02-06 11:01:08
850,28,85,218.61,2026-01-28 11:47:26
851,83,60,73.12,2026-01-25 12:12:15
852,65,107,262.01,2026-02-11 09:28:26
853,35,31,371.0,2026-01-27 10:56:50
854,38,103,256.89,2026-02-11 06:10:46
855,108,95,281.2,2026-02-09 20:41:18
856,26,35,211.77,2026-02-14 13:29:19
857,80,44,59.67,2026-02-19 07:12:45
858,61,94,374.85,2026-01-29 15:21:09
859,32,44,184.86,2026-02-03 16:25:43
860,2,91,305.09,2026-02-18 21:18:48
861,60,26,19.83,2026-02-12 17:40:40
862,124,98,221.12,2026-02-14 20:15:44
863,27,44,23.11,2026-02-02 19:46:30
864,55,21,49.95,2026-01-28 14:49:16
865,105,83,19.1,2026-01-29 10:53:27
866,7,20,366.49,2026-01-25 13:41:05
867,53,111,236.77,2026-01-23 09:49:51
868,120,84,253.19,2026-02-11 20:37:36
869,92,37,247.83,2026-02-09 19:37:03
870,18,82,371.28,2026-01-21 12:09:43
871,59,55,245.3,2026-02-06 09:57:25
872,75,65,250.47,2026-02-17 07:06:53
873,102,41,98.18,2026-01-22 07:04:25
874,16,26,299.73,2026-01-28 14:56:36
875,34,18,74.1,2026-01-31 15:10:54
876,9,26,201.91,2026-01-23 10:58:12
877,84,52,130.45,2026-01-21 12:51:11
878,82,86,241.96,2026-01-25 11:09:42
879,66,94,341.45,2026-01-22 08:59:46
880,93,26,126.4,2026-01-28 07:25:13
881,2,27,242.81,2026-01-26 19:52:13
882,37,14,166.66,2026-01-22 13:14:47
883,51,59,81.04,2026-01-22 18:48:47
884,112,51,78.24,2026-01-24 13:59:00
885,112,75,102.71,2026-01-29 14:02:15
886,20,35,282.92,2026-02-17 20:17:20
887,52,79,376.65,2026-02-10 13:33:25
888,25,24,267.84,2026-02-08 16:28:04
889,91,106,271.3,2026-02-16 09:18:28
890,61,83,154.01,2026-02-17 21:29:22
891,88,93,229.5,2026-02-09 10:21:08
892,96,43,57.03,2026-02-08 11:33:45
893,114,50,304.4,2026-02-08 16:09:07
894,61,7,354.65,2026-02-12 09:13:19
895,77,88,231.55,2026-01-31 18:44:43
896,68,22,179.17,2026-01-29 12:37:50
897,3,94,42.27,2026-02-03 15:32:37
898,41,59,282.83,2026-02-09 09:54:04
899,94,121,345.72,2026-02-09 06:54:50
900,100,63,157.39,2026-02-19 10:53:39
901,56,73,317.64,2026-02-11 10:42:14
902,103,54,123.49,2026-01-28 10:18:12
903,22,60,150.32,2026-02-08 09:18:53
904,64,25,197.04,2026-02-14 12:58:32
905,77,102,294.56,2026-02-04 09:33:37
906,81,2,110.92,2026-01-30 14:57:48
907,113,28,159.94,2026-02-17 18:35:10
908,80,112,288.0,2026-02-04 09:43:00
909,50,97,14.19,2026-02-15 12:10:30
910,117,34,136.46,2026-02-02 21:40:06
911,25,79,331.65,2026-01-30 11:54:21
912,14,70,160.33,2026-01-30 08:39:04
913,27,29,313.47,2026-02-16 08:02:34
914,42,25,305.66,2026-02-01 08:02:18
915,105,20,249.18,2026-01-25 18:17:07
916,106,24,114.53,2026-02-03 07:38:04
917,20,91,366.14,2026-02-12 19:45:30
918,37,93,174.05,2026-02-06 18:05:01
919,8,1,399.88,2026-01-22 13:10:36
920,39,32,150.56,2026-01-31 13:09:24
921,46,3,359.04,2026-02-02 13:03:14
922,66,38,285.94,2026-01-30 11:36:49
923,83,97,167.47,2026-02-18 13:50:58
924,44,88,311.86,2026-02-05 19:00:53
925,34,23,111.11,2026-02-11 20:03:52
926,103,1,366.97,2026-01-28 15:39:10
927,20,1,86.31,2026-02-04 08:32:37
928,79,90,121.43,2026-02-17 13:51:32
929,55,6,233.97,2026-01-30 11:59:12
930,36,6,266.74,2026-02-04 12:27:40
931,98,46,113.37,2026-01-23 09:47:08
932,36,66,314.85,2026-02-12 11:17:52
933,4,83,180.94,2026-02-17 21:12:21
934,11,81,326.67,2026-01-30 18:41:38
935,97,94,181.46,2026-02-06 12:47:13
936,42,38,306.73,2026-02-13 20:44:05
937,100,9,322.64,2026-01-25 14:39:29
938,76,63,89.05,2026-02-02 15:37:34
939,83,122,364.05,2026-02-04 11:00:44
940,100,12,198.54,2026-02-09 12:21:31
941,125,53,244.86,2026-02-18 19:47:04
942,11,116,153.99,2026-02-01 12:38:26
943,76,54,95.66,2026-02-09 08:26:01
944,93,14,34.37,2026-01-22 19:54:24
945,25,121,276.58,2026-02-04 10:20:49
946,18,62,302.97,2026-01-23 18:54:48
947,77,30,186.89,2026-02-17 14:05:20
948,51,31,184.31,2026-02-17 06:46:07
949,2,38,331.45,2026-02-18 16:22:12
950,45,2,370.35,2026-02-10 18:31:44
951,116,121,140.76,2026-02-08 20:53:11
952,24,44,152.37,2026-02-19 10:58:03
953,45,25,196.8,2026-02-01 12:16:43
954,79,54,212.6,2026-02-11 11:24:15
955,112,72,245.15,2026-02-07 10:24:53
956,92,59,50.4,2026-01-31 19:05:03
957,36,49,275.13,2026-02-15 13:42:47
958,5,69,381.49,2026-02-01 21:06:13
959,31,67,331.57,2026-02-07 21:47:20
960,84,72,149.38,2026-01-28 10:59:09
961,63,94,201.18,2026-02-13 07:37:21
962,93,62,392.14,2026-01-23 20:54:02
963,17,108,325.59,2026-01-23 17:26:19
964,94,2,186.85,2026-02-06 15:03:42
965,121,31,22.05,2026-02-08 08:30:08
966,3,50,392.4,2026-02-11 09:12:39
967,1,111,327.42,2026-02-08 11:37:31
968,1,74,216.12,2026-02-18 14:10:49
969,44,7,221.41,2026-02-15 07:54:50
970,21,11,264.86,2026-01-27 16:11:58
971,109,3,216.35,2026-02-10 14:54:44
972,122,43,284.27,2026-01-22 20:38:08
973,75,120,362.72,2026-02-04 21:12:54
974,110,62,150.8,2026-02-17 21:35:39
975,65,113,92.34,2026-02-09 18:26:08
976,91,44,391.6,2026-01-27 21:02:20
977,84,66,214.32,2026-02-19 14:31:57
978,103,39,122.12,2026-02-09 12:01:39
979,51,40,387.43,2026-01-28 16:59:23
980,59,43,239.56,2026-01-26 19:14:37
981,63,30,202.81,2026-02-09 14:48:55
982,56,30,212.14,2026-01-25 17:34:40
983,3,50,106.38,2026-02-13 16:52:50
984,91,72,82.26,2026-01-22 11:03:20
985,113,109,345.53,2026-02-12 15:42:54
986,7,79,270.96,2026-01-24 15:39:31
987,14,54,309.16,2026-01-26 12:43:26
988,46,73,109.8,2026-02-11 06:59:22
989,27,46,318.3,2026-01-22 12:09:36
990,85,104,187.22,2026-02-17 19:04:09
991,45,32,178.16,2026-02-09 11:29:53
992,6,1,249.66,2026-01-21 10:04:18
993,13,59,306.09,2026-02-14 16:14:22
994,47,54,63.34,2026-02-19 19:17:56
995,68,79,65.66,2026-01-22 11:13:40
996,104,21,381.34,2026-01-25 10:24:09
997,53,98,127.14,2026-01-21 09:33:25
998,24,71,255.6,2026-02-09 19:49:49
999,18,87,207.79,2026-02-14 12:20:51
1000,23,28,18.17,2026-02-07 13:25:53
1001,27,117,285.21,2026-01-22 11:48:22
1002,14,33,313.59,2026-02-18 16:33:33
1003,109,64,196.01,2026-01-25 15:40:26
1004,97,59,149.22,2026-01-30 07:13:16
1005,37,75,256.68,2026-02-15 12:13:22
1006,9,117,142.13,2026-01-21 17:37:12
1007,49,116,56.11,2026-02-12 09:04:38
1008,32,15,330.69,2026-02-07 10:09:20
1009,84,17,75.21,2026-02-17 14:26:34
1010,62,14,374.9,2026-02-02 20:34:05
1011,87,120,17.99,2026-02-17 19:51:05
1012,40,75,267.46,2026-02-12 06:22:21
1013,6,22,44.46,2026-02-15 15:01:02
1014,106,34,389.89,2026-02-03 07:47:59
1015,43,91,290.64,2026-02-06 17:29:25
1016,68,23,59.6,2026-02-13 18:47:44
1017,65,9,45.01,2026-02-01 09:39:16
1018,45,32,272.44,2026-01-26 19:54:10
1019,21,65,56.48,2026-02-09 06:36:37
1020,31,18,183.57,2026-01-25 06:36:02
1021,17,107,225.03,2026-02-01 19:31:56
1022,39,97,28.98,2026-02-16 06:05:01
1023,55,13,240.26,2026-02-17 13:50:37
1024,28,40,326.9,2026-02-11 15:15:49
1025,95,90,261.63,2026-02-13 08:41:16
1026,1,114,341.25,2026-02-12 06:59:58
1027,57,81,148.02,2026-02-12 19:17:19
1028,93,96,359.3,2026-02-13 10:28:51
1029,56,82,38.04,2026-02-03 15:04:43
1030,89,72,254.54,2026-02-08 07:38:42
1031,105,99,154.68,2026-01-30 07:43:27
1032,63,124,270.05,2026-02-15 11:38:56
1033,54,71,161.97,2026-01-23 14:35:56
1034,121,33,305.15,2026-02-14 21:01:45
1035,30,59,383.18,2026-02-14 19:27:15
1036,26,82,374.92,2026-01-29 17:08:43
1037,53,79,154.46,2026-01-29 18:00:00
1038,96,21,359.14,2026-02-15 09:37:00
1039,102,109,303.56,2026-01-22 19:19:22
1040,59,43,225.43,2026-02-05 13:22:10
1041,88,19,264.28,2026-02-04 14:14:58
1042,51,37,103.22,2026-01-29 17:54:45
1043,102,10,72.8,2026-02-01 09:41:04
1044,24,42,77.12,2026-02-09 11:56:31
1045,64,100,18.86,2026-02-04 09:05:01
1046,36,116,274.55,2026-01-22 19:03:52
1047,83,82,84.23,2026-01-29 16:05:00
1048,98,106,40.32,2026-01-28 18:20:04
1049,68,17,37.22,2026-01-30 21:53:41
1050,37,117,88.86,2026-02-09 07:33:43
1051,31,50,357.72,2026-02-17 08:37:19
1052,70,123,399.39,2026-02-12 09:56:54
1053,3,42,276.04,2026-01-23 09:07:37
1054,69,111,211.97,2026-01-24 11:08:57
1055,43,111,249.7,2026-01-29 17:18:43
1056,11,41,122.06,2026-01-21 08:34:11
1057,100,14,158.17,2026-02-15 11:14:50
1058,36,91,346.28,2026-02-14 20:51:31
1059,5,63,322.83,2026-01-29 17:46:54
1060,109,59,365.08,2026-02-13 10:43:18
1061,88,77,119.88,2026-02-15 13:42:17
1062,19,64,268.87,2026-01-25 08:37:37
1063,40,65,235.96,2026-02-07 09:27:21
1064,27,83,373.62,2026-02-02 09:06:06
1065,82,40,121.41,2026-01-26 12:55:56
1066,123,120,106.06,2026-02-07 21:35:51
1067,13,17,34.16,2026-02-10 18:26:00
1068,95,106,148.47,2026-02-15 11:59:10
1069,37,95,211.54,2026-02-05 15:48:20
1070,32,2,81.3,2026-01-26 20:42:04
1071,50,112,217.67,2026-01-31 13:15:54
1072,4,70,94.33,2026-01-27 10:22:14
1073,96,20,259.3,2026-01-31 10:44:31
1074,121,43,317.29,2026-02-09 07:52:51
1075,39,75,47.16,2026-02-05 15:09:02
1076,11,121,248.93,2026-02-17 08:59:33
1077,29,107,50.13,2026-01-24 16:45:07
1078,82,12,138.01,2026-01-29 15:02:48
1079,29,80,233.7,2026-01-26 10:29:06
1080,109,106,189.78,2026-02-15 07:37:54
1081,54,1,215.03,2026-02-12 07:41:31
1082,111,65,215.91,2026-02-02 16:07:27
1083,100,99,25.08,2026-02-17 11:24:24
1084,89,56,160.59,2026-01-23 19:35:48
1085,113,34,12.93,2026-02-05 12:54:52
1086,55,29,250.01,2026-02-12 15:49:15
1087,73,47,295.47,2026-02-16 17:30:43
1088,52,4,372.97,2026-02-03 21:12:48
1089,73,37,307.2,2026-02-04 17:53:29
1090,11,114,18.99,2026-01-29 15:06:50
1091,38,27,290.87,2026-02-04 07:14:16
1092,121,38,384.06,2026-02-19 18:35:08
1093,45,120,51.25,2026-02-13 06:52:14
1094,5,100,339.98,2026-02-08 09:31:13
1095,32,17,124.96,2026-02-15 18:00:01
1096,10,124,397.63,2026-01-22 15:04:18
1097,39,76,307.51,2026-01-24 20:46:10
1098,34,106,397.59,2026-02-07 09:42:17
1099,65,28,268.27,2026-01-24 16:50:40
1100,40,24,352.29,2026-02-10 14:03:39
1101,125,15,387.46,2026-02-15 15:27:58
1102,24,52,127.6,2026-02-15 16:07:30
1103,82,116,276.09,2026-02-19 14:49:04
1104,85,90,180.95,2026-02-03 13:09:39
1105,114,20,233.34,2026-01-22 18:31:46
1106,114,59,321.24,2026-02-13 10:16:08
1107,9,73,25.01,2026-02-02 06:59:21
1108,69,25,110.54,2026-01-27 17:08:10
1109,83,117,279.64,2026-02-17 19:25:01
1110,29,79,254.63,2026-01-25 17:43:57
1111,58,46,60.03,2026-02-08 17:47:25
1112,123,11,120.97,2026-02-11 19:36:35
1113,92,8,174.88,2026-02-19 21:35:35
1114,124,86,76.53,2026-02-01 17:28:02
1115,61,29,159.83,2026-02-15 08:09:10
1116,7,27,11.31,2026-02-15 14:47:03
1117,78,106,217.42,2026-02-12 16:08:29
1118,108,105,85.92,2026-01-22 12:40:49
1119,48,45,26.2,2026-01-23 11:26:54
1120,80,1,222.23,2026-02-04 10:59:18
1121,94,9,128.4,2026-01-25 21:03:31
1122,77,68,219.33,2026-02-17 18:17:57
1123,110,101,394.65,2026-02-14 11:15:50
1124,39,27,251.85,2026-01-27 06:32:37
1125,60,59,359.32,2026-02-19 12:30:37
1126,106,120,346.31,2026-02-06 14:51:54
1127,91,19,119.28,2026-01-24 09:47:42
1128,125,46,339.64,2026-02-01 18:56:40
1129,9,85,100.02,2026-01-21 19:44:27
1130,93,12,76.69,2026-02-15 07:48:00
1131,48,113,30.35,2026-01-31 10:05:25
1132,121,86,305.44,2026-01-26 14:11:41
1133,44,50,116.65,2026-01-27 10:33:48
1134,122,47,291.66,2026-02-15 06:02:33
1135,3,120,35.96,2026-02-04 11:34:59
1136,89,119,202.41,2026-02-08 14:23:49
1137,2,72,53.58,2026-01-29 19:19:51
1138,92,50,32.09,2026-02-17 19:02:52
1139,58,96,391.95,2026-02-08 18:12:53
1140,34,104,370.17,2026-02-19 20:12:25
1141,113,98,159.31,2026-02-17 07:42:19
1142,63,105,349.37,2026-01-25 16:28:03
1143,42,51,153.81,2026-02-09 20:19:53
1144,10,76,388.25,2026-02-03 17:53:11
1145,75,49,127.8,2026-01-27 10:15:54
1146,28,80,10.4,2026-02-15 20:36:11
1147,4,44,300.21,2026-01-25 16:49:55
1148,69,115,65.25,2026-01-21 12:57:38
1149,9,86,219.06,2026-01-21 21:04:20
1150,27,103,141.04,2026-02-04 15:36:24
1151,83,26,394.97,2026-01-24 11:22:51
1152,104,79,147.95,2026-01-23 08:57:31
1153,78,117,176.61,2026-02-02 10:30:11
1154,20,64,351.36,2026-01-28 19:16:02
1155,16,22,193.7,2026-01-26 07:28:24
1156,65,59,267.37,2026-02-02 20:44:17
1157,113,22,178.09,2026-01-30 21:04:50
1158,86,121,271.75,2026-02-13 07:54:14
1159,36,99,297.33,2026-01-26 07:29:41
1160,73,96,75.86,2026-01-30 12:06:17
1161,24,80,124.03,2026-02-18 08:24:41
1162,91,66,362.83,2026-01-29 11:55:50
1163,43,67,398.35,2026-02-19 13:44:29
1164,106,114,55.05,2026-01-24 14:47:11
1165,61,85,351.57,2026-02-16 18:37:27
1166,14,40,384.96,2026-01-21 13:09:16
1167,13,37,348.1,2026-01-22 19:02:29
1168,4,36,321.11,2026-01-26 17:39:05
1169,54,30,259.6,2026-02-06 11:55:28
1170,73,71,136.28,2026-02-14 12:45:50
1171,19,45,53.86,2026-02-18 07:11:38
1172,117,104,258.2,2026-02-08 06:25:44
1173,106,40,336.05,2026-02-09 21:21:53
1174,77,6,70.05,2026-02-09 15:57:24
1175,66,89,249.32,2026-01-26 18:00:50
1176,12,78,222.31,2026-02-04 10:25:35
1177,67,19,110.3,2026-02-14 09:02:47
1178,51,94,85.42,2026-02-05 20:01:30
1179,105,95,326.15,2026-02-12 11:44:05
1180,12,112,241.28,2026-01-21 20:02:41
1181,48,124,83.92,2026-01-31 09:23:10
1182,38,63,179.74,2026-01-29 15:10:56
1183,21,107,364.68,2026-02-17 06:02:54
1184,109,23,52.85,2026-01-23 18:02:05
1185,66,49,136.7,2026-01-31 17:42:44
1186,17,8,194.56,2026-02-19 12:34:30
1187,42,106,194.64,2026-01-27 06:51:11
1188,95,1,140.42,2026-02-18 11:05:52
1189,97,3,231.65,2026-02-03 11:26:19
1190,47,22,195.34,2026-01-30 11:39:11
1191,11,48,363.85,2026-02-16 16:07:28
1192,3,24,245.85,2026-02-15 14:23:59
1193,58,99,299.35,2026-01-22 07:01:12
1194,10,89,66.68,2026-02-01 11:23:23
1195,72,16,231.66,2026-02-17 14:54:58
1196,94,1,392.57,2026-02-08 09:26:12
1197,105,57,27.22,2026-02-15 11:37:13
1198,14,10,213.68,2026-02-14 11:10:28
1199,77,47,173.18,2026-01-28 21:03:40
1200,19,71,48.0,2026-01-28 18:31:40
1201,98,54,382.4,2026-02-11 11:32:08
1202,121,60,272.89,2026-02-18 15:21:23
1203,125,13,53.03,2026-02-10 07:41:42
1204,57,93,66.01,2026-02-09 20:21:41
1205,8,49,115.68,2026-01-23 07:37:18
1206,109,85,157.58,2026-01-30 18:38:45
1207,24,68,328.01,2026-02-05 13:46:42
1208,61,119,12.14,2026-02-14 14:55:55
1209,63,18,105.58,2026-02-18 17:17:30
1210,20,122,22.52,2026-02-12 19:16:21
1211,31,40,376.73,2026-01-27 21:07:06
1212,66,121,71.83,2026-02-02 09:22:28
1213,97,64,275.47,2026-02-13 17:43:04
1214,91,118,350.84,2026-02-09 16:16:45
1215,82,78,100.97,2026-01-24 11:47:37
1216,4,49,115.5,2026-02-08 09:30:16
1217,97,13,213.34,2026-02-01 14:21:17
1218,84,35,281.09,2026-02-08 15:15:05
1219,9,37,218.55,2026-01-26 07:03:15
1220,15,39,375.94,2026-02-01 08:46:08
1221,47,77,85.25,2026-02-09 06:48:23
1222,90,108,66.24,2026-02-09 16:19:52
1223,82,57,309.36,2026-02-05 20:40:16
1224,42,61,235.33,2026-01-28 21:17:23
1225,28,62,290.67,2026-01-30 11:09:21
1226,87,62,191.07,2026-01-26 16:23:56
1227,53,102,119.9,2026-02-03 19:12:34
1228,101,51,212.51,2026-02-17 10:51:51
1229,25,34,266.41,2026-01-25 16:28:46
1230,111,66,51.24,2026-01-24 21:06:28
1231,61,21,333.4,2026-01-27 19:31:14
1232,85,90,25.69,2026-02-10 06:26:50
1233,60,40,327.4,2026-01-23 20:45:04
1234,15,4,40.62,2026-01-30 12:25:41
1235,55,117,29.87,2026-01-22 17:54:33
1236,78,35,197.03,2026-01-24 18:48:08
1237,37,69,244.9,2026-02-16 17:31:58
1238,106,32,161.65,2026-02-01 15:01:13
1239,104,70,49.52,2026-01-25 11:40:53
1240,60,6,145.17,2026-02-01 13:51:06
1241,87,55,163.48,2026-02-15 20:56:11
1242,104,57,198.78,2026-02-12 15:49:08
1243,119,55,180.49,2026-01-23 11:34:27
1244,78,45,180.85,2026-02-06 14:56:53
1245,7,81,170.78,2026-02-03 16:02:00
1246,18,49,170.13,2026-01-29 12:26:20
1247,119,106,178.23,2026-02-18 20:06:29
1248,73,49,220.55,2026-02-17 08:26:49
1249,22,105,59.83,2026-02-06 07:22:51
1250,16,112,301.79,2026-02-05 07:19:11
1251,42,61,81.73,2026-02-12 17:57:22
1252,53,65,269.71,2026-02-19 06:28:17
1253,91,100,255.09,2026-02-07 13:12:40
1254,77,15,45.63,2026-02-10 07:17:38
1255,91,56,192.76,2026-01-25 17:03:13
1256,81,106,204.59,2026-02-01 13:27:08
1257,108,105,59.52,2026-02-12 17:52:55
1258,52,62,172.1,2026-01-23 11:42:29
1259,73,74,123.04,2026-01-30 13:25:30
1260,44,107,86.34,2026-02-11 16:58:11
1261,39,118,378.73,2026-01-30 19:26:43
1262,30,82,396.48,2026-02-08 15:20:53
1263,88,27,83.82,2026-02-08 08:51:19
1264,56,25,270.34,2026-02-06 21:36:20
1265,44,51,383.97,2026-02-09 21:50:18
1266,109,47,369.91,2026-02-11 06:54:54
1267,85,122,129.8,2026-02-07 19:12:40
1268,40,45,96.44,2026-02-05 11:14:43
1269,120,25,94.3,2026-02-18 15:33:07
1270,38,44,48.43,2026-02-12 12:03:25
1271,119,20,319.94,2026-01-27 14:35:50
1272,104,25,80.42,2026-02-01 11:37:35
1273,88,58,352.48,2026-01-22 09:24:04
1274,63,24,181.42,2026-02-16 06:28:47
1275,70,68,391.18,2026-02-02 18:38:36
1276,61,122,175.58,2026-01-23 12:09:07
1277,5,39,278.63,2026-02-05 10:17:03
1278,16,109,273.96,2026-02-15 16:49:04
1279,116,15,64.63,2026-02-08 16:56:12
1280,56,32,263.82,2026-02-05 18:41:23
1281,21,24,134.19,2026-01-29 13:16:27
1282,79,122,28.12,2026-02-19 19:57:22
1283,84,43,336.29,2026-02-10 13:05:09
1284,52,14,150.44,2026-02-08 14:36:48
1285,26,88,373.75,2026-02-12 13:42:03
1286,124,82,26.47,2026-01-27 13:45:24
1287,92,95,279.37,2026-02-11 21:17:09
1288,14,82,173.4,2026-02-16 06:14:16
1289,92,105,309.7,2026-01-28 11:32:15
1290,70,55,200.3,2026-01-29 09:15:57
1291,90,21,130.91,2026-02-15 12:33:39
1292,101,96,356.04,2026-02-10 17:59:18
1293,11,118,130.13,2026-02-12 17:34:18
1294,50,13,284.27,2026-02-04 19:32:33
1295,38,89,291.99,2026-02-17 10:10:28
1296,26,80,305.13,2026-01-29 21:08:55
1297,93,31,19.66,2026-01-30 16:33:47
1298,79,34,187.75,2026-02-08 21:10:13
1299,113,103,262.03,2026-02-11 21:20:58
1300,94,114,282.23,2026-02-12 14:24:24
1301,105,8,114.12,2026-01-30 09:19:31
1302,2,51,82.32,2026-02-17 21:28:39
1303,3,107,123.95,2026-01-29 21:41:51
1304,102,107,124.57,2026-02-15 08:52:48
1305,113,125,220.71,2026-02-18 06:09:46
1306,29,1,135.86,2026-02-19 12:20:50
1307,57,7,140.32,2026-02-04 16:48:20
1308,12,112,42.26,2026-01-26 12:29:22
1309,46,22,200.59,2026-02-13 18:48:31
1310,89,123,313.38,2026-02-12 21:43:01
1311,7,99,130.58,2026-01-25 21:52:04
1312,97,15,90.06,2026-02-03 19:34:39
1313,98,55,154.24,2026-01-27 09:18:07
1314,118,48,27.4,2026-02-07 19:44:47
1315,27,119,356.51,2026-02-12 09:39:14
1316,41,9,23.67,2026-01-31 21:01:28
1317,48,35,229.62,2026-02-18 10:35:19
1318,90,15,339.46,2026-02-18 14:42:55
1319,5,41,206.01,2026-01-29 10:05:54
1320,106,40,249.32,2026-02-02 11:28:50
1321,43,106,112.33,2026-02-06 13:44:46
1322,84,68,334.12,2026-02-06 12:51:34
1323,31,2,271.85,2026-02-17 06:43:19
1324,40,98,90.85,2026-02-14 15:20:15
1325,119,43,203.61,2026-01-29 13:15:26
1326,45,125,38.87,2026-02-06 19:54:45
1327,56,22,110.32,2026-02-03 07:21:15
1328,38,42,142.05,2026-02-17 16:27:44
1329,119,104,82.47,2026-02-11 06:13:49
1330,82,86,14.37,2026-01-27 19:48:24
1331,49,100,389.06,2026-02-11 12:25:02
1332,66,88,160.36,2026-02-15 18:47:34
1333,66,93,105.81,2026-01-27 21:34:34
1334,98,45,311.84,2026-01-21 08:44:53
1335,109,18,240.16,2026-01-30 14:56:23
1336,37,70,89.42,2026-01-22 21:15:37
1337,14,92,314.15,2026-02-16 07:38:18
1338,50,88,318.84,2026-02-12 08:17:20
1339,119,111,14.63,2026-02-07 09:27:18
1340,67,94,307.29,2026-02-11 08:30:59
1341,80,75,181.9,2026-02-04 07:04:59
1342,122,45,42.78,2026-02-17 16:49:10
1343,37,39,184.18,2026-02-10 12:07:23
1344,41,69,355.73,2026-02-11 12:43:32
1345,28,44,211.03,2026-01-24 13:18:09
1346,83,125,61.7,2026-02-16 16:36:04
1347,73,5,89.92,2026-02-09 17:34:04
1348,24,96,37.34,2026-02-05 12:09:35
1349,114,122,24.4,2026-01-27 15:16:36
1350,89,104,262.69,2026-02-13 06:03:06
1351,8,24,181.45,2026-02-12 20:33:27
1352,50,98,355.46,2026-02-13 13:13:53
1353,18,28,197.75,2026-01-30 08:47:36
1354,28,118,147.81,2026-02-12 14:42:56
1355,31,117,117.01,2026-01-25 11:22:04
1356,105,68,25.95,2026-02-07 16:36:10
1357,75,115,249.43,2026-02-09 08:37:44
1358,51,59,197.72,2026-01-30 19:34:24
1359,109,112,19.66,2026-02-14 08:11:07
1360,69,114,385.3,2026-01-31 14:42:25
1361,86,94,156.84,2026-02-17 15:33:48
1362,60,79,187.73,2026-02-08 18:44:05
1363,94,24,196.42,2026-01-28 14:35:48
1364,14,96,34.17,2026-01-25 16:20:14
1365,98,105,340.45,2026-02-08 15:02:34
1366,22,36,94.82,2026-02-13 16:54:02
1367,23,98,244.43,2026-01-31 07:21:02
1368,2,73,395.28,2026-01-30 21:42:10
1369,13,64,172.97,2026-02-11 16:22:00
1370,122,112,185.54,2026-02-18 09:04:05
1371,60,59,108.79,2026-01-24 20:23:21
1372,38,43,282.7,2026-01-30 11:38:42
1373,8,125,372.9,2026-01-24 11:06:11
1374,20,82,354.31,2026-01-29 14:39:32
1375,124,66,270.26,2026-02-17 07:45:34
1376,59,53,16.87,2026-02-06 16:27:22
1377,20,48,45.04,2026-02-17 19:35:02
1378,65,52,157.8,2026-02-13 09:07:38
1379,80,112,269.69,2026-01-21 16:22:04
1380,65,84,264.85,2026-01-24 09:56:05
1381,85,95,162.42,2026-02-19 21:47:55
1382,59,38,107.8,2026-01-31 11:56:52
1383,110,16,72.54,2026-02-05 07:52:22
1384,39,5,245.1,2026-02-04 17:03:55
1385,93,8,171.36,2026-02-11 13:23:12
1386,21,52,396.61,2026-02-19 07:29:13
1387,104,94,138.34,2026-01-28 18:15:52
1388,64,66,322.69,2026-02-19 14:42:50
1389,120,60,87.26,2026-02-13 08:19:52
1390,69,75,330.44,2026-02-01 19:54:00
1391,107,31,201.79,2026-01-25 16:16:17
1392,50,92,84.35,2026-01-29 18:32:14
1393,88,100,50.72,2026-01-30 18:32:44
1394,88,51,248.86,2026-01-28 12:55:52
1395,120,109,130.76,2026-02-08 09:56:12
1396,92,60,153.08,2026-01-30 18:06:55
1397,70,29,308.37,2026-01-21 19:05:15
1398,113,3,318.12,2026-02-10 14:08:56
1399,79,122,172.67,2026-02-14 20:33:10
1400,87,89,319.12,2026-02-17 06:44:01
1401,49,68,149.44,2026-01-26 20:04:59
1402,3,29,145.31,2026-02-09 07:14:39
1403,116,83,15.51,2026-01-29 18:28:36
1404,106,3,359.94,2026-01-23 12:29:23
1405,68,72,356.26,2026-02-07 08:02:20
1406,53,113,361.44,2026-02-13 16:47:34
1407,121,11,138.62,2026-02-15 16:49:43
1408,7,81,281.03,2026-01-21 09:39:58
1409,101,104,374.24,2026-02-12 15:55:36
1410,80,86,117.18,2026-02-09 18:22:30
1411,26,113,208.19,2026-02-03 20:54:38
1412,10,8,159.31,2026-02-14 12:33:46
1413,12,75,44.8,2026-02-16 12:18:35
1414,47,94,32.74,2026-01-26 18:22:05
1415,106,39,399.49,2026-02-07 14:20:22
1416,33,39,229.54,2026-02-02 21:13:40
1417,8,67,382.63,2026-02-05 17:44:26
1418,66,117,88.78,2026-02-16 06:44:11
1419,123,20,277.93,2026-01-21 07:01:33
1420,26,10,120.32,2026-02-14 13:01:30
1421,8,42,76.24,2026-02-18 16:23:48
1422,46,100,158.93,2026-02-14 20:55:23
1423,46,100,343.56,2026-02-15 18:10:04
1424,39,69,63.8,2026-02-11 09:06:01
1425,63,102,33.98,2026-02-16 12:26:40
1426,11,104,199.0,2026-02-11 17:17:17
1427,17,19,393.29,2026-02-19 17:47:34
1428,120,122,354.0,2026-01-30 12:50:21
1429,100,22,176.19,2026-02-18 18:29:14
1430,110,4,333.83,2026-02-16 06:32:40
1431,85,113,110.17,2026-01-31 06:08:58
1432,41,39,175.01,2026-01-30 13:12:20
1433,42,12,307.8,2026-02-08 10:13:22
1434,76,35,84.07,2026-01-24 09:32:05
1435,48,74,20.88,2026-02-12 15:01:36
1436,11,48,137.02,2026-01-25 15:59:49
1437,22,100,36.44,2026-01-23 15:12:03
1438,56,103,249.99,2026-02-02 14:12:39
1439,81,30,249.54,2026-01-23 15:52:38
1440,89,28,73.15,2026-02-02 17:14:28
1441,20,26,341.27,2026-02-06 07:51:09
1442,85,16,245.68,2026-01-31 08:29:53
1443,122,3,151.01,2026-01-22 14:21:24
1444,9,36,219.31,2026-02-05 18:10:05
1445,22,71,396.2,2026-02-13 13:22:54
1446,28,92,302.7,2026-02-03 16:35:09
1447,97,31,336.7,2026-01-27 09:08:42
1448,44,61,82.28,2026-02-02 18:57:27
1449,67,33,46.6,2026-02-05 14:00:20
1450,33,118,394.53,2026-02-01 19:41:47
1451,25,43,209.86,2026-02-12 06:34:07
1452,83,43,313.14,2026-02-14 12:12:56
1453,45,98,186.5,2026-02-12 13:57:53
1454,85,94,114.08,2026-02-03 15:53:20
1455,64,59,155.6,2026-02-06 19:10:36
1456,120,84,356.58,2026-02-08 12:09:04
1457,32,33,219.24,2026-02-18 11:55:12
1458,57,4,364.34,2026-02-10 17:15:29
1459,23,43,378.79,2026-02-05 10:50:12
1460,60,104,306.25,2026-02-17 18:44:10
1461,2,120,127.36,2026-01-21 13:35:38
1462,116,49,308.55,2026-02-15 20:43:45
1463,31,89,389.22,2026-02-19 06:44:48
1464,103,22,79.09,2026-02-10 14:29:48
1465,14,28,140.78,2026-02-11 10:12:17
1466,55,15,344.64,2026-02-19 17:19:03
1467,61,96,394.85,2026-02-07 11:28:52
1468,72,12,381.26,2026-01-29 20:31:42
1469,105,84,177.08,2026-01-24 19:49:04
1470,124,53,10.56,2026-02-09 16:54:57
1471,89,90,85.19,2026-01-26 10:37:59
1472,58,3,252.81,2026-02-17 14:11:24
1473,86,75,244.11,2026-01-27 06:14:18
1474,2,5,113.92,2026-02-10 11:46:05
1475,111,119,189.18,2026-02-17 12:47:44
1476,98,31,32.14,2026-01-29 16:50:58
1477,54,117,336.76,2026-01-23 07:51:36
1478,22,115,81.93,2026-01-21 12:55:06
1479,110,56,326.21,2026-02-04 21:17:47
1480,63,64,260.05,2026-01-22 18:13:09
1481,63,81,156.98,2026-01-24 06:09:33
1482,39,20,63.56,2026-01-26 09:31:04
1483,104,5,87.8,2026-02-07 10:55:21
1484,48,75,307.06,2026-01-23 12:41:28
1485,55,113,117.33,2026-02-05 19:00:26
1486,86,50,33.03,2026-02-19 18:03:52
1487,26,112,319.1,2026-02-08 07:39:05
1488,60,7,350.22,2026-01-22 08:01:44
1489,22,49,66.87,2026-01-25 18:04:38
1490,26,97,287.66,2026-01-28 19:06:17
1491,67,39,228.88,2026-01-28 18:13:53
1492,36,54,266.25,2026-02-10 13:29:40
1493,120,30,106.55,2026-01-31 19:03:35
1494,114,5,283.62,2026-01-31 13:27:48
1495,41,52,380.11,2026-01-23 18:55:36
1496,79,75,254.8,2026-02-17 11:06:39
1497,46,56,156.58,2026-02-09 09:23:26
1498,41,62,291.38,2026-01-23 20:59:37
1499,86,31,61.26,2026-01-29 18:14:41
1500,3,22,80.09,2026-02-19 17:20:14
1501,100,1,66.96,2026-02-05 18:35:14
1502,55,93,109.94,2026-02-02 08:00:28
1503,109,23,316.99,2026-01-28 11:39:53
1504,7,103,218.23,2026-01-31 21:31:14
1505,85,9,197.79,2026-01-21 12:19:05
1506,119,109,38.74,2026-02-07 07:53:11
1507,102,38,12.14,2026-02-11 12:49:09
1508,38,69,243.06,2026-01-26 10:23:28
1509,67,34,310.55,2026-01-22 14:36:05
1510,38,89,310.84,2026-02-06 10:42:19
1511,98,14,347.72,2026-01-25 13:33:55
1512,66,6,128.07,2026-01-24 21:11:23
1513,48,105,393.58,2026-02-08 08:09:09
1514,4,124,172.99,2026-01-25 16:43:46
1515,109,56,301.86,2026-02-09 21:35:18
1516,20,53,126.7,2026-01-31 07:14:45
1517,5,56,175.91,2026-01-21 07:37:36
1518,115,76,175.48,2026-02-12 11:13:31
1519,49,122,86.19,2026-02-17 07:38:58
1520,107,87,179.97,2026-02-15 18:42:56
1521,34,18,28.25,2026-02-15 15:05:13
1522,29,25,258.77,2026-02-13 13:32:07
1523,113,34,280.26,2026-02-09 12:42:37
1524,33,82,154.97,2026-02-11 11:56:31
1525,74,76,260.24,2026-02-17 07:20:40
1526,62,12,232.55,2026-02-05 10:01:10
1527,5,83,34.63,2026-02-04 14:15:57
1528,34,111,205.54,2026-01-23 10:26:13
1529,54,125,336.1,2026-02-18 17:06:51
1530,19,65,70.81,2026-01-23 12:51:08
1531,69,25,335.97,2026-02-02 18:18:34
1532,73,15,334.13,2026-02-07 11:59:10
1533,112,23,63.02,2026-01-30 08:37:47
1534,75,111,300.56,2026-01-26 14:47:47
1535,114,98,113.23,2026-01-27 14:05:21
1536,37,36,387.92,2026-02-07 21:34:22
1537,77,48,301.38,2026-02-10 17:33:29
1538,18,20,208.29,2026-01-21 19:18:35
1539,14,42,73.29,2026-02-14 09:30:45
1540,35,92,298.89,2026-01-26 19:59:23
1541,93,14,89.44,2026-01-25 15:09:29
1542,70,37,287.56,2026-02-18 07:17:53
1543,103,8,106.02,2026-02-03 10:12:22
1544,124,38,353.25,2026-02-08 08:51:35
1545,85,13,152.89,2026-02-16 20:51:12
1546,92,12,201.42,2026-02-03 11:22:01
1547,46,76,210.64,2026-01-29 11:17:55
1548,122,107,125.0,2026-02-17 08:20:27
1549,17,6,57.17,2026-01-31 11:16:41
1550,55,75,201.19,2026-02-07 07:50:04
1551,92,40,364.32,2026-02-02 11:14:06
1552,121,96,203.06,2026-01-31 13:29:38
1553,87,5,357.54,2026-02-11 13:38:20
1554,32,114,55.56,2026-01-25 14:03:32
1555,41,37,146.07,2026-01-24 09:25:46
1556,110,36,261.64,2026-02-10 07:06:36
1557,100,25,345.5,2026-01-29 10:37:29
1558,12,98,224.11,2026-02-19 07:53:07
1559,3,26,122.3,2026-02-12 12:03:29
1560,21,101,97.5,2026-02-13 08:23:53
1561,23,77,376.22,2026-01-23 18:30:57
1562,47,96,319.24,2026-01-24 18:55:38
1563,4,36,67.06,2026-01-23 08:32:06
1564,3,42,305.92,2026-02-03 09:13:28
1565,108,68,85.76,2026-01-29 18:56:16
1566,47,2,124.7,2026-01-30 06:12:00
1567,119,34,196.21,2026-01-29 08:18:22
1568,41,113,155.41,2026-02-11 17:11:29
1569,58,100,331.02,2026-02-18 10:48:08
1570,53,32,119.19,2026-02-08 11:26:55
1571,18,81,385.45,2026-02-04 21:18:20
1572,54,5,193.01,2026-01-21 13:42:27
1573,16,24,149.93,2026-02-12 18:40:00
1574,59,35,283.5,2026-02-01 06:59:45
1575,27,91,269.01,2026-02-05 13:23:44
1576,58,10,208.18,2026-02-17 18:41:29
1577,116,39,115.21,2026-02-17 14:27:18
